{"cameraMode":{"drawMode":0,"name":"Shaded","section":"Shading Mode"},"sceneLighting":false,"audioPlay":false,"sceneViewState":{"showFog":true,"showMaterialUpdate":false,"showSkybox":true,"showFlares":true,"showImageEffects":true,"showParticleSystems":true},"in2DMode":false,"pivot":{"x":1.6699999570846558,"y":0.43142977356910708,"z":-17.020000457763673},"rotation":{"x":-0.11167068034410477,"y":-0.8170922994613648,"z":0.16904670000076295,"w":-0.5397343635559082},"size":2.5215816497802736,"orthographic":false}