{"cameraMode":{"drawMode":0,"name":"Shaded","section":"Shading Mode"},"sceneLighting":false,"audioPlay":false,"sceneViewState":{"showFog":true,"showMaterialUpdate":false,"showSkybox":true,"showFlares":true,"showImageEffects":true,"showParticleSystems":true},"in2DMode":false,"pivot":{"x":0.18194633722305299,"y":0.6430425643920898,"z":0.1342615783214569},"rotation":{"x":-0.01763622649013996,"y":-0.9443584680557251,"z":0.05133722722530365,"w":-0.32440799474716189},"size":18168.693359375,"orthographic":false}