{"cameraMode":{"drawMode":0,"name":"Shaded","section":"Shading Mode"},"sceneLighting":false,"audioPlay":false,"sceneViewState":{"showFog":true,"showMaterialUpdate":false,"showSkybox":true,"showFlares":true,"showImageEffects":true,"showParticleSystems":true},"in2DMode":false,"pivot":{"x":1.194079875946045,"y":0.0899893045425415,"z":-0.9246649742126465},"rotation":{"x":-0.15921084582805634,"y":-0.39050766825675967,"z":0.06876959651708603,"w":-0.9041164517402649},"size":8.885890007019043,"orthographic":false}